,timestamp,temp,wind_speed,wind_gusts,humidity_percent,dew_point,pressure,cloud_cover,visibility,pm_10,pm_2_5,no_2,o_3,so_2,co,aqi
0,2025-09-25 15:00:00+00:00,28.0,11.0,11.0,73.0,23.0,1006.0,35.0,6.0,17.0,49.0,14.0,25.0,6.0,170.0,57.0
1,2025-09-25 16:00:00+00:00,28.0,9.0,9.0,78.0,24.0,1006.0,35.0,6.0,15.0,44.0,10.0,20.0,6.0,193.0,51.0
2,2025-09-25 17:00:00+00:00,28.0,11.0,11.0,78.0,24.0,1006.0,35.0,6.0,16.0,42.0,13.0,6.0,16.0,202.0,52.0
3,2025-09-25 18:00:00+00:00,26.0,11.0,11.0,88.0,24.0,1007.0,35.0,6.0,15.0,41.0,12.0,17.0,6.0,211.0,51.0
4,2025-09-25 19:00:00+00:00,26.0,9.0,9.0,88.0,24.0,1007.0,35.0,6.0,15.0,40.0,12.0,7.0,16.0,220.0,51.0
5,2025-09-25 20:00:00+00:00,27.0,6.0,6.0,83.0,24.0,1007.0,35.0,6.0,16.0,40.0,12.0,15.0,5.0,173.0,53.0
6,2025-09-25 21:00:00+00:00,27.0,9.0,9.0,83.0,24.0,1007.0,35.0,6.0,16.0,39.0,11.0,16.0,5.0,161.0,52.0
7,2025-09-25 22:00:00+00:00,26.0,7.0,7.0,83.0,23.0,1006.0,35.0,6.0,15.0,38.0,10.0,17.0,4.0,148.0,50.0
8,2025-09-25 23:00:00+00:00,26.0,7.0,7.0,88.0,24.0,1006.0,35.0,6.0,14.0,38.0,9.0,18.0,4.0,137.0,46.0
9,2025-09-26 00:00:00+00:00,26.0,11.0,11.0,88.0,24.0,1006.0,35.0,5.0,22.0,55.0,10.0,18.0,3.0,115.0,72.0
10,2025-09-26 02:00:00+00:00,26.0,7.0,7.0,88.0,24.0,1007.0,65.0,2.0,22.0,55.0,8.0,18.0,4.0,124.0,72.0
11,2025-09-26 03:00:00+00:00,27.0,7.0,7.0,88.0,25.0,1008.0,65.0,5.0,22.0,57.0,10.0,20.0,4.0,133.0,74.0
12,2025-09-26 04:00:00+00:00,29.0,13.0,13.0,74.0,24.0,1009.0,65.0,5.0,24.0,60.0,11.0,21.0,4.0,141.0,79.0
13,2025-09-26 05:00:00+00:00,29.0,7.0,7.0,69.0,23.0,1009.0,65.0,5.0,66.0,23.0,11.0,22.0,5.0,134.0,79.0
14,2025-09-26 06:00:00+00:00,31.0,7.0,7.0,62.0,23.0,1008.0,75.0,5.0,69.0,22.0,9.0,29.0,6.0,126.0,84.0
15,2025-09-26 07:00:00+00:00,31.0,15.0,15.0,58.0,22.0,1008.0,76.0,5.0,68.0,23.0,8.0,34.0,6.0,119.0,83.0
16,2025-09-26 08:00:00+00:00,32.0,15.0,15.0,55.0,22.0,1007.0,76.0,5.0,65.0,23.0,40.0,5.0,7.0,121.0,79.0
17,2025-09-26 09:00:00+00:00,32.0,17.0,17.0,58.0,23.0,1007.0,76.0,5.0,63.0,22.0,10.0,41.0,7.0,121.0,75.0
18,2025-09-26 10:00:00+00:00,32.0,11.0,11.0,58.0,23.0,1006.0,35.0,5.0,23.0,62.0,9.0,45.0,7.0,121.0,76.0
19,2025-09-26 11:00:00+00:00,32.0,13.0,13.0,55.0,22.0,1006.0,35.0,5.0,22.0,60.0,9.0,47.0,7.0,126.0,72.0
20,2025-09-26 12:00:00+00:00,30.0,15.0,15.0,61.0,22.0,1006.0,35.0,6.0,21.0,58.0,10.0,43.0,7.0,130.0,70.0
21,2025-09-26 13:00:00+00:00,29.0,22.0,22.0,69.0,23.0,1006.0,35.0,6.0,22.0,60.0,13.0,42.0,7.0,134.0,72.0
22,2025-09-26 14:00:00+00:00,29.0,15.0,15.0,69.0,23.0,1007.0,35.0,6.0,21.0,55.0,15.0,39.0,7.0,156.0,68.0
23,2025-09-26 15:00:00+00:00,28.0,11.0,11.0,73.0,23.0,1007.0,35.0,6.0,19.0,51.0,16.0,32.0,7.0,177.0,65.0
24,2025-09-26 16:00:00+00:00,27.0,9.0,9.0,78.0,23.0,1008.0,35.0,6.0,19.0,47.0,15.0,24.0,6.0,199.0,63.0
25,2025-09-26 17:00:00+00:00,27.0,9.0,9.0,78.0,23.0,1009.0,0.0,6.0,17.0,45.0,15.0,17.0,6.0,202.0,57.0
26,2025-09-26 18:00:00+00:00,27.0,7.0,7.0,78.0,23.0,1009.0,0.0,6.0,17.0,44.0,16.0,6.0,15.0,205.0,57.0
27,2025-09-26 19:00:00+00:00,27.0,7.0,7.0,83.0,24.0,1009.0,10.0,6.0,18.0,45.0,13.0,6.0,16.0,208.0,60.0
28,2025-09-26 20:00:00+00:00,27.0,11.0,11.0,83.0,24.0,1009.0,35.0,6.0,19.0,45.0,14.0,6.0,14.0,180.0,62.0
29,2025-09-26 21:00:00+00:00,27.0,9.0,9.0,83.0,24.0,1008.0,35.0,6.0,19.0,43.0,11.0,16.0,5.0,156.0,63.0
30,2025-09-26 22:00:00+00:00,27.0,9.0,9.0,83.0,24.0,1008.0,38.0,6.0,17.0,41.0,9.0,18.0,4.0,133.0,57.0
31,2025-09-26 23:00:00+00:00,27.0,13.0,13.0,83.0,24.0,1008.0,35.0,6.0,15.0,40.0,8.0,20.0,4.0,124.0,51.0
32,2025-09-27 00:00:00+00:00,26.0,7.0,7.0,88.0,24.0,1008.0,35.0,5.0,12.0,31.0,7.0,18.0,3.0,107.0,40.0
33,2025-09-27 02:00:00+00:00,26.0,7.0,7.0,88.0,24.0,1009.0,35.0,5.0,12.0,32.0,5.0,18.0,4.0,127.0,40.0
34,2025-09-27 03:00:00+00:00,27.0,9.0,9.0,83.0,24.0,1009.0,35.0,5.0,13.0,35.0,10.0,18.0,4.0,147.0,45.0
35,2025-09-27 04:00:00+00:00,29.0,17.0,17.0,74.0,24.0,1010.0,0.0,6.0,15.0,37.0,12.0,18.0,4.0,167.0,52.0
36,2025-09-27 05:00:00+00:00,30.0,9.0,9.0,69.0,24.0,1010.0,0.0,6.0,16.0,40.0,11.0,18.0,5.0,153.0,53.0
37,2025-09-27 06:00:00+00:00,31.0,9.0,9.0,65.0,24.0,1010.0,0.0,6.0,16.0,42.0,10.0,25.0,6.0,140.0,54.0
38,2025-09-27 07:00:00+00:00,31.0,13.0,13.0,65.0,24.0,1009.0,0.0,6.0,16.0,40.0,8.0,32.0,7.0,126.0,52.0
39,2025-09-27 08:00:00+00:00,34.0,19.0,19.0,46.0,21.0,1008.0,0.0,6.0,15.0,37.0,37.0,5.0,7.0,126.0,50.0
40,2025-09-27 09:00:00+00:00,35.0,7.0,7.0,43.0,21.0,1007.0,0.0,6.0,14.0,35.0,7.0,38.0,7.0,124.0,46.0
41,2025-09-27 10:00:00+00:00,35.0,11.0,11.0,43.0,21.0,1007.0,0.0,6.0,14.0,34.0,41.0,7.0,7.0,123.0,47.0
42,2025-09-27 11:00:00+00:00,35.0,15.0,15.0,43.0,21.0,1007.0,0.0,6.0,13.0,33.0,43.0,7.0,7.0,129.0,43.0
43,2025-09-27 12:00:00+00:00,34.0,19.0,19.0,43.0,20.0,1007.0,0.0,6.0,13.0,32.0,9.0,39.0,7.0,135.0,43.0
44,2025-09-27 13:00:00+00:00,33.0,11.0,11.0,48.0,21.0,1007.0,0.0,5.0,12.0,31.0,10.0,35.0,7.0,141.0,42.0
45,2025-09-27 14:00:00+00:00,31.0,15.0,15.0,54.0,21.0,1007.0,0.0,5.0,12.0,31.0,12.0,32.0,7.0,166.0,42.0
46,2025-09-27 15:00:00+00:00,30.0,13.0,13.0,58.0,21.0,1007.0,0.0,5.0,12.0,29.0,12.0,25.0,7.0,190.0,42.0
47,2025-09-27 16:00:00+00:00,29.0,13.0,13.0,61.0,21.0,1008.0,0.0,5.0,13.0,30.0,12.0,19.0,6.0,215.0,45.0
48,2025-09-27 17:00:00+00:00,28.0,11.0,11.0,78.0,24.0,1009.0,11.0,5.0,13.0,29.0,14.0,6.0,14.0,208.0,43.0
49,2025-09-27 18:00:00+00:00,28.0,15.0,15.0,83.0,25.0,1009.0,20.0,5.0,13.0,29.0,14.0,6.0,13.0,202.0,43.0
50,2025-09-27 19:00:00+00:00,28.0,11.0,11.0,83.0,25.0,1009.0,38.0,5.0,13.0,29.0,12.0,16.0,5.0,195.0,44.0
51,2025-09-27 20:00:00+00:00,27.0,9.0,9.0,83.0,24.0,1008.0,55.0,5.0,13.0,29.0,11.0,16.0,5.0,162.0,43.0
52,2025-09-27 21:00:00+00:00,27.0,11.0,11.0,83.0,24.0,1008.0,72.0,5.0,12.0,28.0,9.0,18.0,4.0,139.0,41.0
53,2025-09-27 22:00:00+00:00,27.0,11.0,11.0,83.0,24.0,1007.0,0.0,5.0,11.0,26.0,7.0,20.0,3.0,116.0,39.0
54,2025-09-27 23:00:00+00:00,27.0,13.0,13.0,83.0,24.0,1007.0,18.0,5.0,11.0,25.0,6.0,20.0,3.0,112.0,38.0
55,2025-09-28 00:00:00+00:00,27.0,15.0,15.0,83.0,24.0,1008.0,35.0,5.0,10.0,23.0,7.0,18.0,3.0,104.0,34.0
56,2025-09-28 02:00:00+00:00,27.0,13.0,13.0,88.0,25.0,1008.0,31.0,5.0,10.0,23.0,6.0,18.0,3.0,120.0,35.0
57,2025-09-28 03:00:00+00:00,29.0,13.0,13.0,78.0,25.0,1008.0,57.0,5.0,11.0,25.0,9.0,18.0,4.0,136.0,37.0
58,2025-09-28 04:00:00+00:00,29.0,13.0,13.0,83.0,26.0,1008.0,0.0,5.0,12.0,26.0,9.0,18.0,4.0,152.0,41.0
59,2025-09-28 05:00:00+00:00,30.0,9.0,9.0,74.0,25.0,1008.0,35.0,5.0,12.0,27.0,10.0,18.0,5.0,146.0,41.0
60,2025-09-28 06:00:00+00:00,33.0,15.0,15.0,62.0,25.0,1007.0,45.0,5.0,13.0,29.0,9.0,23.0,6.0,140.0,42.0
61,2025-09-28 07:00:00+00:00,33.0,9.0,9.0,62.0,25.0,1007.0,45.0,5.0,13.0,30.0,7.0,29.0,7.0,133.0,43.0
62,2025-09-28 08:00:00+00:00,36.0,7.0,7.0,46.0,23.0,1005.0,0.0,6.0,13.0,31.0,8.0,34.0,8.0,123.0,43.0
63,2025-09-28 09:00:00+00:00,36.0,9.0,9.0,46.0,23.0,1005.0,0.0,6.0,13.0,33.0,7.0,37.0,7.0,119.0,45.0
64,2025-09-28 10:00:00+00:00,37.0,9.0,9.0,38.0,21.0,1003.0,45.0,6.0,14.0,34.0,8.0,40.0,6.0,115.0,46.0
65,2025-09-28 11:00:00+00:00,37.0,9.0,9.0,36.0,20.0,1003.0,45.0,8.0,13.0,35.0,42.0,7.0,6.0,121.0,45.0
66,2025-09-28 12:00:00+00:00,35.0,19.0,19.0,49.0,23.0,1003.0,45.0,8.0,15.0,40.0,8.0,40.0,6.0,128.0,51.0
67,2025-09-28 13:00:00+00:00,33.0,13.0,13.0,51.0,22.0,1003.0,45.0,6.0,16.0,44.0,11.0,36.0,5.0,134.0,52.0
68,2025-09-28 14:00:00+00:00,32.0,11.0,11.0,58.0,23.0,1003.0,45.0,6.0,50.0,16.0,13.0,32.0,5.0,151.0,56.0
69,2025-09-28 15:00:00+00:00,30.0,15.0,15.0,65.0,23.0,1004.0,91.0,5.0,19.0,53.0,14.0,29.0,5.0,168.0,64.0
70,2025-09-28 16:00:00+00:00,29.0,11.0,11.0,74.0,24.0,1005.0,51.0,5.0,59.0,20.0,15.0,23.0,5.0,185.0,69.0
71,2025-09-28 17:00:00+00:00,29.0,11.0,11.0,78.0,25.0,1005.0,63.0,5.0,61.0,22.0,13.0,19.0,4.0,170.0,73.0
72,2025-09-28 18:00:00+00:00,29.0,19.0,19.0,78.0,25.0,1005.0,76.0,5.0,22.0,60.0,11.0,22.0,4.0,155.0,74.0
73,2025-09-28 19:00:00+00:00,28.0,6.0,6.0,83.0,25.0,1004.0,25.0,5.0,22.0,58.0,10.0,23.0,4.0,140.0,72.0
74,2025-09-28 20:00:00+00:00,28.0,13.0,13.0,78.0,24.0,1004.0,53.0,5.0,20.0,53.0,10.0,22.0,3.0,129.0,65.0
75,2025-09-28 21:00:00+00:00,28.0,11.0,11.0,78.0,24.0,1003.0,68.0,5.0,18.0,49.0,8.0,24.0,3.0,113.0,60.0
76,2025-09-28 22:00:00+00:00,28.0,15.0,15.0,78.0,24.0,1003.0,0.0,5.0,17.0,47.0,9.0,25.0,2.0,96.0,57.0
77,2025-09-28 23:00:00+00:00,27.0,15.0,15.0,83.0,24.0,1003.0,33.0,5.0,17.0,47.0,6.0,26.0,2.0,97.0,56.0
78,2025-09-29 00:00:00+00:00,27.0,9.0,9.0,83.0,24.0,1003.0,0.0,5.0,64.0,23.0,9.0,26.0,2.0,99.0,77.0
79,2025-09-29 02:00:00+00:00,27.0,6.0,6.0,83.0,24.0,1003.0,65.0,3.0,22.0,62.0,9.0,25.0,3.0,136.0,75.0
80,2025-09-29 03:00:00+00:00,27.0,9.0,9.0,88.0,25.0,1004.0,65.0,2.0,22.0,59.0,14.0,25.0,4.0,173.0,74.0
81,2025-09-29 04:00:00+00:00,31.0,9.0,9.0,70.0,25.0,1004.0,65.0,2.0,23.0,55.0,14.0,24.0,4.0,210.0,78.0
82,2025-09-29 05:00:00+00:00,33.0,11.0,11.0,40.0,18.0,1004.0,35.0,5.0,22.0,49.0,14.0,23.0,5.0,206.0,74.0
83,2025-09-29 06:00:00+00:00,35.0,11.0,11.0,31.0,16.0,1004.0,35.0,5.0,20.0,47.0,11.0,33.0,6.0,201.0,66.0
84,2025-09-29 07:00:00+00:00,37.0,13.0,13.0,28.0,16.0,1003.0,76.0,5.0,19.0,42.0,9.0,46.0,7.0,197.0,62.0
85,2025-09-29 08:00:00+00:00,38.0,22.0,22.0,25.0,15.0,1002.0,85.0,5.0,16.0,37.0,9.0,53.0,6.0,202.0,52.0
86,2025-09-29 09:00:00+00:00,38.0,19.0,19.0,25.0,15.0,1001.0,85.0,5.0,15.0,36.0,53.0,7.0,6.0,191.0,49.0
87,2025-09-29 10:00:00+00:00,38.0,24.0,24.0,25.0,15.0,1000.0,85.0,5.0,13.0,34.0,54.0,8.0,5.0,180.0,44.0
88,2025-09-29 11:00:00+00:00,38.0,17.0,17.0,25.0,15.0,999.0,85.0,5.0,12.0,32.0,54.0,6.0,5.0,188.0,42.0
89,2025-09-29 12:00:00+00:00,37.0,15.0,15.0,26.0,15.0,999.0,85.0,5.0,12.0,29.0,52.0,7.0,5.0,195.0,39.0
90,2025-09-29 13:00:00+00:00,36.0,9.0,9.0,26.0,14.0,999.0,85.0,5.0,12.0,29.0,11.0,46.0,5.0,202.0,42.0
91,2025-09-29 14:00:00+00:00,35.0,9.0,9.0,27.0,14.0,999.0,85.0,5.0,14.0,31.0,10.0,41.0,6.0,294.0,47.0
92,2025-09-29 15:00:00+00:00,34.0,9.0,9.0,29.0,14.0,1000.0,35.0,5.0,17.0,34.0,15.0,33.0,7.0,385.0,55.0
93,2025-09-29 16:00:00+00:00,33.0,7.0,7.0,33.0,15.0,1001.0,35.0,5.0,18.0,37.0,20.0,29.0,8.0,477.0,59.0
94,2025-09-29 17:00:00+00:00,31.0,9.0,9.0,39.0,16.0,1001.0,35.0,5.0,19.0,26.0,40.0,9.0,19.0,489.0,64.0
95,2025-09-29 18:00:00+00:00,31.0,9.0,9.0,37.0,15.0,1002.0,45.0,5.0,20.0,26.0,41.0,9.0,17.0,502.0,66.0
96,2025-09-29 19:00:00+00:00,31.0,9.0,9.0,45.0,18.0,1002.0,45.0,5.0,25.0,47.0,23.0,10.0,22.0,514.0,83.0
97,2025-09-29 20:00:00+00:00,30.0,15.0,15.0,69.0,24.0,1001.0,65.0,5.0,25.0,48.0,23.0,9.0,20.0,482.0,83.0
98,2025-09-29 21:00:00+00:00,29.0,0.0,0.0,78.0,25.0,1001.0,65.0,5.0,27.0,50.0,23.0,8.0,20.0,460.0,90.0
99,2025-09-29 22:00:00+00:00,29.0,4.0,4.0,78.0,25.0,1000.0,65.0,5.0,27.0,50.0,22.0,8.0,19.0,439.0,89.0
100,2025-09-29 23:00:00+00:00,28.0,7.0,7.0,83.0,25.0,1000.0,65.0,5.0,26.0,48.0,22.0,7.0,18.0,422.0,85.0
101,2025-09-30 00:00:00+00:00,28.0,4.0,4.0,83.0,25.0,1000.0,65.0,5.0,17.0,32.0,17.0,7.0,18.0,389.0,58.0
102,2025-09-30 02:00:00+00:00,27.0,7.0,7.0,83.0,24.0,1001.0,65.0,5.0,17.0,31.0,17.0,8.0,16.0,414.0,57.0
103,2025-09-30 03:00:00+00:00,29.0,4.0,4.0,74.0,24.0,1001.0,65.0,2.0,17.0,29.0,17.0,9.0,19.0,440.0,56.0
104,2025-09-30 04:00:00+00:00,31.0,11.0,11.0,51.0,20.0,1002.0,65.0,2.0,19.0,32.0,17.0,9.0,21.0,465.0,62.0
105,2025-09-30 05:00:00+00:00,32.0,9.0,9.0,48.0,20.0,1002.0,65.0,2.0,18.0,34.0,18.0,9.0,22.0,404.0,61.0
106,2025-09-30 06:00:00+00:00,35.0,9.0,9.0,43.0,21.0,1001.0,35.0,5.0,19.0,43.0,16.0,31.0,9.0,343.0,63.0
107,2025-09-30 07:00:00+00:00,36.0,15.0,15.0,41.0,21.0,1001.0,35.0,5.0,18.0,51.0,11.0,47.0,9.0,282.0,60.0
108,2025-09-30 08:00:00+00:00,36.0,20.0,20.0,41.0,21.0,1000.0,45.0,5.0,21.0,59.0,11.0,61.0,8.0,265.0,71.0
109,2025-09-30 09:00:00+00:00,36.0,20.0,20.0,41.0,21.0,999.0,35.0,6.0,20.0,56.0,62.0,9.0,7.0,244.0,67.0
110,2025-09-30 10:00:00+00:00,36.0,28.0,28.0,41.0,21.0,998.0,35.0,6.0,18.0,47.0,64.0,8.0,6.0,223.0,61.0
111,2025-09-30 11:00:00+00:00,36.0,19.0,19.0,43.0,22.0,998.0,35.0,6.0,15.0,38.0,66.0,7.0,6.0,227.0,51.0
112,2025-09-30 12:00:00+00:00,33.0,43.0,43.0,55.0,23.0,999.0,90.0,1.0,15.0,34.0,65.0,9.0,6.0,232.0,50.0
113,2025-09-30 13:00:00+00:00,30.0,6.0,6.0,16.0,2.0,1000.0,90.0,2.0,12.0,29.0,10.0,56.0,6.0,237.0,42.0
114,2025-09-30 14:00:00+00:00,27.0,15.0,15.0,83.0,24.0,999.0,90.0,1.0,12.0,27.0,9.0,55.0,7.0,260.0,41.0
115,2025-09-30 15:00:00+00:00,26.0,28.0,28.0,88.0,24.0,1002.0,90.0,1.0,12.0,25.0,14.0,45.0,8.0,283.0,41.0
116,2025-09-30 16:00:00+00:00,26.0,9.0,9.0,88.0,24.0,1002.0,20.0,5.0,12.0,28.0,15.0,35.0,9.0,306.0,42.0
117,2025-09-30 17:00:00+00:00,26.0,6.0,6.0,88.0,24.0,1002.0,20.0,5.0,14.0,19.0,30.0,26.0,8.0,301.0,48.0
118,2025-09-30 18:00:00+00:00,26.0,7.0,7.0,88.0,24.0,1002.0,20.0,5.0,16.0,20.0,31.0,23.0,8.0,296.0,52.0
119,2025-09-30 19:00:00+00:00,26.0,11.0,11.0,88.0,24.0,1002.0,20.0,5.0,16.0,19.0,31.0,23.0,8.0,290.0,52.0
120,2025-09-30 20:00:00+00:00,26.0,11.0,11.0,88.0,24.0,1002.0,20.0,5.0,15.0,20.0,28.0,12.0,19.0,425.0,49.0
121,2025-09-30 21:00:00+00:00,26.0,9.0,9.0,88.0,24.0,1001.0,45.0,6.0,14.0,17.0,26.0,10.0,22.0,398.0,47.0
122,2025-09-30 22:00:00+00:00,26.0,9.0,9.0,88.0,24.0,1001.0,45.0,6.0,13.0,16.0,24.0,9.0,21.0,371.0,45.0
123,2025-09-30 23:00:00+00:00,26.0,11.0,11.0,88.0,24.0,1000.0,35.0,6.0,12.0,15.0,23.0,9.0,19.0,342.0,42.0
124,2025-10-01 00:00:00+00:00,26.0,9.0,9.0,88.0,24.0,1001.0,20.0,5.0,9.0,19.0,9.0,21.0,7.0,286.0,32.0
125,2025-10-01 02:00:00+00:00,26.0,6.0,6.0,88.0,24.0,1002.0,20.0,5.0,9.0,19.0,8.0,21.0,7.0,311.0,32.0
126,2025-10-01 03:00:00+00:00,28.0,15.0,15.0,78.0,24.0,1003.0,100.0,5.0,9.0,19.0,12.0,21.0,7.0,336.0,33.0
127,2025-10-01 04:00:00+00:00,29.0,19.0,19.0,74.0,24.0,1003.0,65.0,5.0,10.0,14.0,21.0,8.0,21.0,360.0,36.0
128,2025-10-01 05:00:00+00:00,29.0,22.0,22.0,74.0,24.0,1003.0,35.0,5.0,10.0,22.0,13.0,8.0,20.0,319.0,36.0
129,2025-10-01 06:00:00+00:00,31.0,15.0,15.0,62.0,23.0,1003.0,35.0,6.0,8.0,18.0,10.0,30.0,9.0,278.0,30.0
130,2025-10-01 07:00:00+00:00,32.0,26.0,26.0,58.0,23.0,1002.0,35.0,6.0,8.0,16.0,7.0,42.0,9.0,237.0,27.0
131,2025-10-01 08:00:00+00:00,32.0,22.0,22.0,55.0,22.0,1001.0,35.0,6.0,6.0,58.0,14.0,7.0,6.0,195.0,23.0
132,2025-10-01 09:00:00+00:00,33.0,24.0,24.0,48.0,21.0,1001.0,35.0,6.0,6.0,58.0,14.0,7.0,5.0,187.0,23.0
133,2025-10-01 10:00:00+00:00,33.0,24.0,24.0,48.0,21.0,1001.0,50.0,6.0,6.0,58.0,15.0,7.0,4.0,179.0,24.0
134,2025-10-01 11:00:00+00:00,33.0,22.0,22.0,48.0,21.0,1000.0,35.0,6.0,5.0,58.0,13.0,6.0,4.0,185.0,21.0
135,2025-10-01 12:00:00+00:00,32.0,26.0,26.0,51.0,21.0,1000.0,35.0,8.0,66.0,5.0,11.0,6.0,4.0,191.0,24.0
136,2025-10-01 13:00:00+00:00,31.0,19.0,19.0,54.0,21.0,1001.0,35.0,8.0,63.0,5.0,11.0,7.0,5.0,198.0,22.0
137,2025-10-01 14:00:00+00:00,30.0,15.0,15.0,61.0,22.0,1001.0,35.0,6.0,5.0,56.0,11.0,6.0,6.0,249.0,21.0
138,2025-10-01 15:00:00+00:00,29.0,15.0,15.0,69.0,23.0,1002.0,35.0,6.0,6.0,9.0,50.0,11.0,8.0,300.0,22.0
139,2025-10-01 16:00:00+00:00,29.0,9.0,9.0,74.0,24.0,1003.0,35.0,6.0,7.0,15.0,9.0,38.0,9.0,352.0,26.0
140,2025-10-01 17:00:00+00:00,29.0,7.0,7.0,74.0,24.0,1003.0,35.0,6.0,8.0,11.0,16.0,33.0,9.0,340.0,28.0
141,2025-10-01 18:00:00+00:00,28.0,9.0,9.0,78.0,24.0,1003.0,35.0,6.0,8.0,16.0,10.0,28.0,9.0,327.0,28.0
142,2025-10-01 19:00:00+00:00,28.0,13.0,13.0,78.0,24.0,1003.0,35.0,6.0,7.0,10.0,14.0,9.0,24.0,315.0,25.0
143,2025-10-01 20:00:00+00:00,27.0,6.0,6.0,88.0,25.0,1003.0,35.0,6.0,6.0,10.0,12.0,20.0,6.0,235.0,22.0
144,2025-10-01 21:00:00+00:00,28.0,7.0,7.0,78.0,24.0,1003.0,35.0,6.0,9.0,4.0,10.0,18.0,6.0,227.0,17.0
145,2025-10-01 22:00:00+00:00,27.0,7.0,7.0,83.0,24.0,1003.0,35.0,6.0,8.0,4.0,9.0,6.0,16.0,218.0,16.0
146,2025-10-01 23:00:00+00:00,27.0,7.0,7.0,83.0,24.0,1003.0,35.0,6.0,7.0,4.0,9.0,6.0,15.0,211.0,15.0
147,2025-10-02 00:00:00+00:00,27.0,11.0,11.0,83.0,24.0,1003.0,20.0,5.0,5.0,7.0,10.0,17.0,6.0,195.0,19.0
148,2025-10-02 02:00:00+00:00,27.0,15.0,15.0,78.0,23.0,1004.0,20.0,5.0,5.0,7.0,10.0,6.0,16.0,208.0,19.0
149,2025-10-02 03:00:00+00:00,29.0,11.0,11.0,74.0,24.0,1005.0,0.0,6.0,5.0,9.0,11.0,7.0,16.0,222.0,19.0
150,2025-10-02 04:00:00+00:00,30.0,13.0,13.0,65.0,23.0,1005.0,0.0,6.0,6.0,10.0,12.0,7.0,17.0,235.0,22.0
151,2025-10-02 05:00:00+00:00,31.0,11.0,11.0,62.0,23.0,1005.0,35.0,6.0,6.0,10.0,14.0,17.0,6.0,210.0,24.0
152,2025-10-02 06:00:00+00:00,32.0,33.0,33.0,55.0,22.0,1005.0,45.0,6.0,7.0,15.0,8.0,25.0,6.0,185.0,25.0
153,2025-10-02 07:00:00+00:00,33.0,32.0,32.0,51.0,22.0,1005.0,35.0,6.0,6.0,14.0,5.0,32.0,5.0,161.0,23.0
154,2025-10-02 08:00:00+00:00,33.0,28.0,28.0,48.0,21.0,1004.0,76.0,6.0,5.0,46.0,11.0,6.0,4.0,146.0,19.0
155,2025-10-02 09:00:00+00:00,33.0,30.0,30.0,48.0,21.0,1004.0,45.0,6.0,5.0,47.0,11.0,5.0,4.0,142.0,19.0
156,2025-10-02 10:00:00+00:00,34.0,24.0,24.0,46.0,21.0,1004.0,50.0,6.0,4.0,48.0,10.0,5.0,3.0,137.0,18.0
157,2025-10-02 11:00:00+00:00,34.0,22.0,22.0,46.0,21.0,1003.0,45.0,6.0,49.0,4.0,10.0,5.0,3.0,142.0,16.0
158,2025-10-02 12:00:00+00:00,33.0,17.0,17.0,48.0,21.0,1003.0,45.0,6.0,5.0,47.0,9.0,5.0,4.0,146.0,18.0
159,2025-10-02 13:00:00+00:00,32.0,20.0,20.0,51.0,21.0,1004.0,85.0,6.0,4.0,43.0,6.0,9.0,4.0,151.0,17.0
160,2025-10-02 14:00:00+00:00,31.0,11.0,11.0,54.0,21.0,1004.0,85.0,6.0,4.0,38.0,9.0,5.0,4.0,162.0,18.0
161,2025-10-02 15:00:00+00:00,31.0,15.0,15.0,65.0,24.0,1006.0,45.0,6.0,5.0,7.0,9.0,34.0,5.0,173.0,19.0
162,2025-10-02 16:00:00+00:00,30.0,19.0,19.0,69.0,24.0,1006.0,45.0,6.0,5.0,8.0,9.0,30.0,5.0,184.0,21.0
163,2025-10-02 17:00:00+00:00,29.0,15.0,15.0,69.0,23.0,1007.0,35.0,6.0,5.0,8.0,10.0,23.0,5.0,177.0,20.0
164,2025-10-02 18:00:00+00:00,29.0,15.0,15.0,69.0,23.0,1007.0,85.0,5.0,5.0,7.0,9.0,21.0,5.0,169.0,18.0
165,2025-10-02 19:00:00+00:00,28.0,15.0,15.0,73.0,23.0,1007.0,85.0,5.0,4.0,7.0,9.0,21.0,5.0,161.0,18.0
166,2025-10-02 20:00:00+00:00,27.0,15.0,15.0,78.0,23.0,1007.0,85.0,5.0,4.0,6.0,8.0,20.0,5.0,160.0,16.0
167,2025-10-02 21:00:00+00:00,27.0,11.0,11.0,78.0,23.0,1006.0,45.0,5.0,3.0,5.0,7.0,21.0,4.0,149.0,13.0
168,2025-10-02 22:00:00+00:00,27.0,15.0,15.0,78.0,23.0,1006.0,50.0,5.0,3.0,5.0,26.0,6.0,4.0,138.0,13.0
169,2025-10-02 23:00:00+00:00,27.0,13.0,13.0,78.0,23.0,1006.0,35.0,5.0,3.0,27.0,4.0,6.0,4.0,137.0,12.0
170,2025-10-03 00:00:00+00:00,27.0,15.0,15.0,78.0,23.0,1006.0,88.0,5.0,3.0,5.0,29.0,6.0,4.0,135.0,14.0
171,2025-10-03 02:00:00+00:00,27.0,11.0,11.0,83.0,24.0,1007.0,85.0,5.0,3.0,5.0,26.0,6.0,4.0,145.0,13.0
172,2025-10-03 03:00:00+00:00,27.0,15.0,15.0,83.0,24.0,1008.0,85.0,5.0,3.0,7.0,26.0,7.0,5.0,155.0,14.0
173,2025-10-03 04:00:00+00:00,28.0,15.0,15.0,78.0,24.0,1009.0,85.0,5.0,4.0,6.0,8.0,22.0,5.0,166.0,15.0
174,2025-10-03 05:00:00+00:00,29.0,22.0,22.0,74.0,24.0,1009.0,85.0,5.0,4.0,7.0,8.0,22.0,5.0,157.0,16.0
175,2025-10-03 06:00:00+00:00,30.0,20.0,20.0,69.0,24.0,1009.0,85.0,5.0,4.0,6.0,9.0,26.0,5.0,149.0,17.0
176,2025-10-03 07:00:00+00:00,31.0,22.0,22.0,65.0,24.0,1009.0,85.0,5.0,4.0,8.0,30.0,4.0,5.0,140.0,16.0
177,2025-10-03 08:00:00+00:00,32.0,26.0,26.0,55.0,22.0,1008.0,85.0,5.0,4.0,39.0,8.0,5.0,4.0,137.0,15.0
178,2025-10-03 09:00:00+00:00,32.0,33.0,33.0,58.0,23.0,1008.0,85.0,5.0,4.0,40.0,9.0,5.0,4.0,135.0,16.0
179,2025-10-03 10:00:00+00:00,31.0,26.0,26.0,58.0,22.0,1007.0,85.0,6.0,4.0,40.0,10.0,4.0,4.0,133.0,17.0
180,2025-10-03 11:00:00+00:00,31.0,22.0,22.0,58.0,22.0,1007.0,85.0,6.0,4.0,40.0,8.0,5.0,4.0,139.0,15.0
181,2025-10-03 12:00:00+00:00,30.0,22.0,22.0,65.0,23.0,1007.0,85.0,6.0,4.0,38.0,6.0,9.0,4.0,144.0,16.0
182,2025-10-03 13:00:00+00:00,30.0,22.0,22.0,65.0,23.0,1007.0,85.0,6.0,4.0,6.0,32.0,8.0,5.0,150.0,16.0
183,2025-10-03 14:00:00+00:00,29.0,17.0,17.0,69.0,23.0,1008.0,85.0,6.0,4.0,7.0,9.0,30.0,5.0,169.0,17.0
184,2025-10-03 15:00:00+00:00,29.0,13.0,13.0,74.0,24.0,1009.0,85.0,5.0,5.0,7.0,10.0,24.0,5.0,188.0,21.0
185,2025-10-03 16:00:00+00:00,29.0,13.0,13.0,74.0,24.0,1009.0,85.0,5.0,5.0,8.0,12.0,20.0,6.0,207.0,21.0
186,2025-10-03 17:00:00+00:00,29.0,13.0,13.0,74.0,24.0,1010.0,45.0,5.0,5.0,9.0,13.0,6.0,16.0,203.0,21.0
187,2025-10-03 18:00:00+00:00,28.0,11.0,11.0,78.0,24.0,1010.0,45.0,5.0,5.0,9.0,13.0,6.0,16.0,198.0,21.0
188,2025-10-03 19:00:00+00:00,28.0,15.0,15.0,73.0,23.0,1009.0,50.0,5.0,5.0,14.0,8.0,16.0,5.0,194.0,21.0
189,2025-10-03 20:00:00+00:00,28.0,15.0,15.0,73.0,23.0,1009.0,85.0,5.0,6.0,14.0,7.0,16.0,5.0,168.0,22.0
190,2025-10-03 21:00:00+00:00,28.0,13.0,13.0,73.0,23.0,1009.0,85.0,5.0,6.0,15.0,7.0,17.0,4.0,157.0,23.0
191,2025-10-03 22:00:00+00:00,28.0,15.0,15.0,73.0,23.0,1009.0,45.0,5.0,6.0,14.0,6.0,17.0,4.0,146.0,23.0
192,2025-10-03 23:00:00+00:00,28.0,17.0,17.0,73.0,23.0,1009.0,45.0,5.0,6.0,14.0,6.0,18.0,4.0,143.0,23.0
193,2025-10-04 00:00:00+00:00,27.0,11.0,11.0,83.0,24.0,1009.0,45.0,5.0,5.0,13.0,6.0,17.0,5.0,139.0,21.0
194,2025-10-04 02:00:00+00:00,26.0,11.0,11.0,88.0,24.0,1010.0,75.0,5.0,6.0,13.0,6.0,17.0,6.0,158.0,21.0
195,2025-10-04 03:00:00+00:00,26.0,9.0,9.0,88.0,24.0,1010.0,75.0,5.0,6.0,9.0,13.0,7.0,16.0,177.0,22.0
196,2025-10-04 04:00:00+00:00,28.0,15.0,15.0,78.0,24.0,1011.0,75.0,5.0,6.0,15.0,8.0,7.0,16.0,196.0,24.0
197,2025-10-04 05:00:00+00:00,28.0,13.0,13.0,78.0,24.0,1011.0,75.0,5.0,7.0,17.0,10.0,8.0,15.0,180.0,27.0
198,2025-10-04 06:00:00+00:00,31.0,15.0,15.0,65.0,24.0,1011.0,85.0,5.0,9.0,22.0,9.0,8.0,21.0,163.0,33.0
199,2025-10-04 07:00:00+00:00,32.0,19.0,19.0,58.0,23.0,1010.0,85.0,5.0,9.0,24.0,7.0,27.0,9.0,147.0,33.0
200,2025-10-04 08:00:00+00:00,32.0,19.0,19.0,58.0,23.0,1009.0,85.0,5.0,10.0,26.0,7.0,33.0,7.0,142.0,36.0
201,2025-10-04 09:00:00+00:00,32.0,17.0,17.0,55.0,22.0,1009.0,85.0,5.0,10.0,26.0,6.0,35.0,7.0,136.0,36.0
202,2025-10-04 10:00:00+00:00,33.0,19.0,19.0,48.0,21.0,1008.0,85.0,5.0,10.0,25.0,36.0,5.0,6.0,130.0,35.0
203,2025-10-04 11:00:00+00:00,33.0,13.0,13.0,45.0,20.0,1008.0,85.0,5.0,9.0,23.0,39.0,5.0,6.0,134.0,32.0
204,2025-10-04 12:00:00+00:00,31.0,11.0,11.0,51.0,20.0,1007.0,35.0,5.0,8.0,19.0,7.0,27.0,7.0,137.0,28.0
205,2025-10-04 13:00:00+00:00,29.0,19.0,19.0,74.0,24.0,1008.0,76.0,5.0,7.0,17.0,8.0,24.0,7.0,141.0,26.0
206,2025-10-04 14:00:00+00:00,29.0,11.0,11.0,78.0,25.0,1008.0,65.0,5.0,7.0,16.0,9.0,22.0,8.0,172.0,26.0
207,2025-10-04 15:00:00+00:00,28.0,17.0,17.0,83.0,25.0,1009.0,65.0,5.0,7.0,11.0,15.0,9.0,18.0,204.0,27.0
208,2025-10-04 16:00:00+00:00,28.0,11.0,11.0,83.0,25.0,1009.0,65.0,5.0,9.0,11.0,16.0,9.0,14.0,235.0,30.0
209,2025-10-04 17:00:00+00:00,28.0,15.0,15.0,83.0,25.0,1010.0,65.0,5.0,15.0,7.0,16.0,9.0,11.0,226.0,29.0
210,2025-10-04 18:00:00+00:00,28.0,13.0,13.0,83.0,25.0,1009.0,65.0,5.0,13.0,7.0,15.0,9.0,12.0,217.0,26.0
211,2025-10-04 19:00:00+00:00,28.0,13.0,13.0,83.0,25.0,1009.0,65.0,5.0,7.0,10.0,15.0,9.0,15.0,207.0,26.0
212,2025-10-04 20:00:00+00:00,27.0,11.0,11.0,88.0,25.0,1009.0,65.0,5.0,7.0,14.0,9.0,8.0,16.0,176.0,25.0
213,2025-10-04 21:00:00+00:00,27.0,9.0,9.0,88.0,25.0,1008.0,35.0,5.0,5.0,8.0,12.0,7.0,15.0,156.0,20.0
214,2025-10-04 22:00:00+00:00,27.0,11.0,11.0,88.0,25.0,1008.0,35.0,5.0,5.0,11.0,7.0,17.0,6.0,136.0,18.0
215,2025-10-04 23:00:00+00:00,27.0,11.0,11.0,88.0,25.0,1008.0,35.0,5.0,4.0,10.0,6.0,17.0,6.0,138.0,17.0
216,2025-10-05 00:00:00+00:00,27.0,7.0,7.0,88.0,25.0,1008.0,50.0,5.0,6.0,14.0,7.0,17.0,6.0,142.0,24.0
217,2025-10-05 02:00:00+00:00,27.0,7.0,7.0,88.0,25.0,1008.0,65.0,5.0,6.0,15.0,7.0,7.0,18.0,147.0,24.0
218,2025-10-05 03:00:00+00:00,28.0,9.0,9.0,88.0,26.0,1009.0,65.0,5.0,7.0,16.0,8.0,8.0,19.0,153.0,26.0
219,2025-10-05 04:00:00+00:00,29.0,17.0,17.0,78.0,25.0,1009.0,65.0,5.0,8.0,18.0,9.0,8.0,20.0,158.0,30.0
220,2025-10-05 05:00:00+00:00,30.0,13.0,13.0,74.0,25.0,1009.0,75.0,5.0,8.0,19.0,9.0,21.0,7.0,148.0,30.0
221,2025-10-05 06:00:00+00:00,31.0,26.0,26.0,62.0,23.0,1009.0,76.0,5.0,8.0,19.0,8.0,25.0,7.0,138.0,30.0
222,2025-10-05 07:00:00+00:00,32.0,24.0,24.0,58.0,23.0,1009.0,50.0,5.0,8.0,19.0,6.0,28.0,6.0,128.0,30.0
223,2025-10-05 08:00:00+00:00,32.0,28.0,28.0,58.0,23.0,1008.0,35.0,5.0,8.0,18.0,32.0,4.0,5.0,123.0,28.0
224,2025-10-05 09:00:00+00:00,31.0,20.0,20.0,62.0,23.0,1007.0,35.0,5.0,7.0,16.0,6.0,35.0,5.0,120.0,25.0
225,2025-10-05 10:00:00+00:00,31.0,28.0,28.0,62.0,23.0,1007.0,76.0,6.0,6.0,16.0,6.0,34.0,4.0,118.0,24.0
226,2025-10-05 11:00:00+00:00,31.0,19.0,19.0,65.0,24.0,1006.0,76.0,6.0,6.0,15.0,6.0,34.0,4.0,120.0,23.0
227,2025-10-05 12:00:00+00:00,30.0,30.0,30.0,61.0,22.0,1006.0,76.0,6.0,6.0,16.0,7.0,32.0,4.0,122.0,23.0
228,2025-10-05 13:00:00+00:00,29.0,28.0,28.0,74.0,24.0,1006.0,76.0,6.0,7.0,17.0,7.0,29.0,4.0,124.0,25.0
229,2025-10-05 14:00:00+00:00,29.0,22.0,22.0,74.0,24.0,1006.0,76.0,6.0,7.0,18.0,6.0,26.0,4.0,136.0,26.0
230,2025-10-05 15:00:00+00:00,28.0,19.0,19.0,78.0,24.0,1007.0,76.0,6.0,7.0,18.0,9.0,24.0,5.0,148.0,27.0
231,2025-10-05 16:00:00+00:00,28.0,17.0,17.0,78.0,24.0,1007.0,76.0,6.0,8.0,19.0,8.0,21.0,5.0,160.0,29.0
232,2025-10-05 17:00:00+00:00,28.0,28.0,28.0,78.0,24.0,1008.0,76.0,6.0,8.0,20.0,10.0,19.0,5.0,153.0,30.0
233,2025-10-05 18:00:00+00:00,28.0,26.0,26.0,78.0,24.0,1008.0,76.0,5.0,9.0,20.0,9.0,20.0,4.0,146.0,30.0
234,2025-10-05 19:00:00+00:00,28.0,22.0,22.0,78.0,24.0,1008.0,76.0,5.0,8.0,21.0,8.0,20.0,4.0,139.0,30.0
235,2025-10-05 20:00:00+00:00,28.0,20.0,20.0,78.0,24.0,1008.0,76.0,5.0,8.0,21.0,7.0,21.0,3.0,127.0,30.0
236,2025-10-05 21:00:00+00:00,28.0,20.0,20.0,78.0,24.0,1008.0,76.0,5.0,9.0,22.0,6.0,22.0,3.0,119.0,31.0
237,2025-10-05 22:00:00+00:00,27.0,20.0,20.0,83.0,24.0,1007.0,76.0,5.0,9.0,22.0,7.0,24.0,3.0,110.0,31.0
238,2025-10-05 23:00:00+00:00,27.0,22.0,22.0,83.0,24.0,1007.0,76.0,5.0,8.0,21.0,5.0,25.0,3.0,108.0,30.0
239,2025-10-06 00:00:00+00:00,28.0,24.0,24.0,78.0,24.0,1007.0,76.0,5.0,11.0,26.0,6.0,26.0,2.0,103.0,37.0
240,2025-10-06 02:00:00+00:00,28.0,26.0,26.0,78.0,24.0,1008.0,65.0,5.0,11.0,25.0,6.0,26.0,3.0,113.0,36.0
241,2025-10-06 03:00:00+00:00,28.0,22.0,22.0,78.0,24.0,1008.0,65.0,5.0,10.0,25.0,9.0,26.0,3.0,123.0,35.0
242,2025-10-06 04:00:00+00:00,29.0,19.0,19.0,69.0,23.0,1009.0,65.0,5.0,11.0,31.0,10.0,26.0,3.0,132.0,38.0
243,2025-10-06 05:00:00+00:00,31.0,24.0,24.0,54.0,21.0,1009.0,35.0,5.0,47.0,14.0,10.0,26.0,3.0,128.0,53.0
244,2025-10-06 06:00:00+00:00,31.0,15.0,15.0,48.0,19.0,1010.0,35.0,5.0,106.0,27.0,9.0,43.0,4.0,124.0,116.0
245,2025-10-06 07:00:00+00:00,32.0,22.0,22.0,40.0,17.0,1009.0,35.0,2.0,158.0,34.0,49.0,6.0,4.0,120.0,149.0
246,2025-10-06 08:00:00+00:00,33.0,24.0,24.0,33.0,15.0,1008.0,35.0,2.0,185.0,39.0,58.0,5.0,4.0,116.0,166.0
247,2025-10-06 09:00:00+00:00,33.0,24.0,24.0,35.0,16.0,1007.0,35.0,2.0,210.0,43.0,61.0,5.0,4.0,116.0,181.0
248,2025-10-06 10:00:00+00:00,32.0,30.0,30.0,45.0,19.0,1006.0,35.0,2.0,217.0,46.0,64.0,4.0,4.0,116.0,186.0
249,2025-10-06 11:00:00+00:00,32.0,33.0,33.0,48.0,20.0,1006.0,35.0,5.0,208.0,46.0,67.0,4.0,4.0,122.0,180.0
250,2025-10-06 12:00:00+00:00,30.0,30.0,30.0,58.0,21.0,1007.0,35.0,5.0,195.0,46.0,66.0,5.0,4.0,128.0,172.0
251,2025-10-06 13:00:00+00:00,29.0,30.0,30.0,61.0,21.0,1007.0,51.0,5.0,188.0,47.0,61.0,9.0,4.0,134.0,167.0
252,2025-10-06 14:00:00+00:00,28.0,30.0,30.0,65.0,21.0,1007.0,51.0,5.0,187.0,49.0,10.0,58.0,4.0,145.0,167.0
253,2025-10-06 15:00:00+00:00,28.0,15.0,15.0,73.0,23.0,1008.0,0.0,5.0,184.0,51.0,9.0,53.0,4.0,156.0,165.0
254,2025-10-06 16:00:00+00:00,28.0,22.0,22.0,73.0,23.0,1009.0,35.0,5.0,173.0,47.0,49.0,7.0,4.0,168.0,158.0
255,2025-10-10 18:00:00+00:00,25.0,7.0,7.0,64.0,18.0,1012.0,0.0,6.0,23.0,60.0,14.0,27.0,6.0,213.0,76.0
256,2025-10-10 19:00:00+00:00,25.0,6.0,6.0,69.0,19.0,1012.0,0.0,6.0,23.0,60.0,14.0,25.0,6.0,213.0,77.0
257,2025-10-10 20:00:00+00:00,25.0,7.0,7.0,69.0,19.0,1012.0,0.0,6.0,24.0,62.0,14.0,25.0,6.0,216.0,80.0
258,2025-10-10 21:00:00+00:00,25.0,7.0,7.0,69.0,19.0,1011.0,0.0,6.0,24.0,62.0,13.0,26.0,6.0,206.0,81.0
259,2025-10-10 22:00:00+00:00,25.0,6.0,6.0,69.0,19.0,1011.0,0.0,6.0,24.0,62.0,13.0,26.0,5.0,195.0,81.0
260,2025-10-10 23:00:00+00:00,24.0,4.0,4.0,73.0,19.0,1011.0,0.0,6.0,23.0,59.0,12.0,26.0,5.0,185.0,76.0
261,2025-10-11 00:00:00+00:00,22.0,6.0,6.0,88.0,20.0,1012.0,0.0,5.0,25.0,65.0,11.0,27.0,4.0,166.0,85.0
262,2025-10-11 02:00:00+00:00,22.0,6.0,6.0,88.0,20.0,1012.0,20.0,2.0,24.0,62.0,9.0,28.0,5.0,256.0,81.0
263,2025-10-11 03:00:00+00:00,24.0,6.0,6.0,83.0,21.0,1013.0,65.0,2.0,25.0,61.0,16.0,24.0,6.0,347.0,83.0
264,2025-10-11 04:00:00+00:00,28.0,0.0,0.0,65.0,21.0,1014.0,65.0,2.0,28.0,64.0,17.0,8.0,21.0,437.0,94.0
265,2025-10-11 05:00:00+00:00,29.0,6.0,6.0,54.0,19.0,1014.0,65.0,2.0,29.0,62.0,18.0,8.0,21.0,342.0,96.0
266,2025-10-11 06:00:00+00:00,31.0,9.0,9.0,42.0,17.0,1014.0,51.0,5.0,73.0,26.0,13.0,35.0,9.0,247.0,90.0
267,2025-10-11 07:00:00+00:00,32.0,7.0,7.0,35.0,15.0,1014.0,0.0,5.0,76.0,27.0,9.0,45.0,10.0,153.0,94.0
268,2025-10-11 08:00:00+00:00,33.0,15.0,15.0,29.0,13.0,1013.0,51.0,5.0,74.0,27.0,12.0,54.0,9.0,152.0,92.0
269,2025-10-11 09:00:00+00:00,33.0,15.0,15.0,27.0,12.0,1012.0,51.0,5.0,28.0,73.0,11.0,56.0,8.0,150.0,92.0
270,2025-10-11 10:00:00+00:00,33.0,15.0,15.0,27.0,12.0,1012.0,25.0,5.0,27.0,72.0,11.0,57.0,8.0,149.0,89.0
271,2025-10-11 11:00:00+00:00,32.0,15.0,15.0,27.0,11.0,1011.0,51.0,5.0,71.0,26.0,10.0,59.0,8.0,153.0,88.0
272,2025-10-11 12:00:00+00:00,31.0,9.0,9.0,32.0,13.0,1012.0,51.0,5.0,26.0,71.0,11.0,57.0,8.0,158.0,88.0
273,2025-10-11 13:00:00+00:00,30.0,11.0,11.0,34.0,13.0,1012.0,51.0,5.0,27.0,71.0,14.0,55.0,8.0,162.0,90.0
274,2025-10-11 14:00:00+00:00,28.0,7.0,7.0,36.0,12.0,1012.0,51.0,5.0,27.0,70.0,17.0,53.0,7.0,185.0,90.0
275,2025-10-11 15:00:00+00:00,27.0,11.0,11.0,50.0,16.0,1013.0,2.0,5.0,27.0,63.0,17.0,45.0,7.0,208.0,90.0
276,2025-10-11 16:00:00+00:00,26.0,7.0,7.0,57.0,17.0,1013.0,0.0,5.0,25.0,58.0,13.0,38.0,7.0,230.0,85.0
277,2025-10-11 17:00:00+00:00,26.0,7.0,7.0,57.0,17.0,1013.0,0.0,5.0,25.0,57.0,17.0,29.0,7.0,250.0,83.0
278,2025-10-11 18:00:00+00:00,26.0,6.0,6.0,57.0,17.0,1013.0,0.0,5.0,25.0,57.0,16.0,28.0,7.0,269.0,82.0
279,2025-10-11 19:00:00+00:00,26.0,6.0,6.0,57.0,17.0,1013.0,0.0,5.0,26.0,58.0,18.0,24.0,8.0,288.0,86.0
280,2025-10-11 20:00:00+00:00,26.0,7.0,7.0,69.0,20.0,1013.0,0.0,5.0,28.0,61.0,18.0,24.0,7.0,268.0,94.0
281,2025-10-11 21:00:00+00:00,26.0,7.0,7.0,69.0,20.0,1013.0,0.0,5.0,29.0,61.0,17.0,24.0,7.0,254.0,96.0
282,2025-10-11 22:00:00+00:00,26.0,6.0,6.0,73.0,21.0,1012.0,0.0,5.0,28.0,62.0,17.0,24.0,7.0,240.0,94.0
283,2025-10-11 23:00:00+00:00,25.0,6.0,6.0,73.0,20.0,1012.0,65.0,5.0,27.0,58.0,16.0,25.0,6.0,218.0,89.0
284,2025-10-12 00:00:00+00:00,25.0,4.0,4.0,78.0,21.0,1012.0,65.0,2.0,21.0,49.0,10.0,26.0,6.0,175.0,71.0
285,2025-10-12 02:00:00+00:00,22.0,4.0,4.0,88.0,20.0,1013.0,65.0,2.0,20.0,47.0,8.0,27.0,6.0,214.0,68.0
286,2025-10-12 03:00:00+00:00,24.0,4.0,4.0,83.0,21.0,1014.0,65.0,2.0,20.0,46.0,14.0,26.0,7.0,253.0,68.0
287,2025-10-12 04:00:00+00:00,27.0,6.0,6.0,53.0,17.0,1014.0,51.0,5.0,22.0,48.0,15.0,25.0,7.0,292.0,73.0
288,2025-10-12 05:00:00+00:00,29.0,9.0,9.0,42.0,15.0,1014.0,51.0,5.0,23.0,48.0,16.0,23.0,8.0,247.0,76.0
289,2025-10-12 06:00:00+00:00,33.0,9.0,9.0,23.0,10.0,1014.0,51.0,5.0,23.0,53.0,13.0,34.0,9.0,202.0,76.0
290,2025-10-12 07:00:00+00:00,33.0,9.0,9.0,22.0,9.0,1013.0,51.0,5.0,23.0,56.0,8.0,46.0,9.0,157.0,77.0
291,2025-10-12 08:00:00+00:00,33.0,11.0,11.0,22.0,9.0,1012.0,51.0,5.0,22.0,53.0,51.0,6.0,8.0,156.0,72.0
292,2025-10-12 09:00:00+00:00,34.0,13.0,13.0,19.0,8.0,1012.0,51.0,5.0,20.0,54.0,9.0,55.0,8.0,156.0,67.0
293,2025-10-12 10:00:00+00:00,34.0,11.0,11.0,19.0,8.0,1011.0,51.0,5.0,20.0,56.0,10.0,57.0,8.0,155.0,67.0
